타임스탬프,CPU(%),메모리(KB),디스크읽기(KB),디스크쓰기(KB),필터타입,벤치마크
1747047324,0.0,12404,,,Bloom,fillrandom
1747047325,144,34580,,,Bloom,fillrandom
1747047327,170,34780,,,Bloom,fillrandom
1747047328,139,36984,,,Bloom,fillrandom
1747047329,153,38468,,,Bloom,fillrandom
1747047330,165,35296,,,Bloom,fillrandom
1747047331,172,38888,,,Bloom,fillrandom
1747047332,171,38624,,,Bloom,fillrandom
1747047333,175,40316,,,Bloom,fillrandom
1747047334,169,37644,,,Bloom,fillrandom
1747047335,168,43432,,,Bloom,fillrandom
1747047336,172,40016,,,Bloom,fillrandom
1747047337,167,36056,,,Bloom,fillrandom
1747047338,162,36056,,,Bloom,fillrandom
1747047339,165,45064,,,Bloom,fillrandom
1747047340,164,43516,,,Bloom,fillrandom
1747047341,160,38216,,,Bloom,fillrandom
1747047342,157,39008,,,Bloom,fillrandom
1747047343,157,40180,,,Bloom,fillrandom
1747047344,159,45092,,,Bloom,fillrandom
1747047345,156,37316,,,Bloom,fillrandom
1747047347,153,37316,,,Bloom,fillrandom
1747047348,151,37316,,,Bloom,fillrandom
1747047349,145,42904,,,Bloom,fillrandom
1747047350,147,42088,,,Bloom,fillrandom
1747047351,145,42616,,,Bloom,fillrandom
1747047352,144,39912,,,Bloom,fillrandom
1747047353,142,39912,,,Bloom,fillrandom
1747047354,140,40176,,,Bloom,fillrandom
1747047355,142,45704,,,Bloom,fillrandom
1747047356,143,44996,,,Bloom,fillrandom
1747047357,142,44996,,,Bloom,fillrandom
1747047358,140,39340,,,Bloom,fillrandom
1747047359,139,39340,,,Bloom,fillrandom
1747047360,138,39340,,,Bloom,fillrandom
1747047361,137,46992,,,Bloom,fillrandom
1747047362,139,42888,,,Bloom,fillrandom
1747047363,139,45000,,,Bloom,fillrandom
1747047364,138,45264,,,Bloom,fillrandom
1747047365,136,45792,,,Bloom,fillrandom
1747047366,135,45792,,,Bloom,fillrandom
1747047367,134,45792,,,Bloom,fillrandom
1747047368,134,48900,,,Bloom,fillrandom
1747047369,135,44480,,,Bloom,fillrandom
1747047370,135,46592,,,Bloom,fillrandom
1747047371,134,46592,,,Bloom,fillrandom
1747047373,133,47384,,,Bloom,fillrandom
1747047374,132,47648,,,Bloom,fillrandom
1747047375,131,47648,,,Bloom,fillrandom
1747047376,128,47648,,,Bloom,fillrandom
1747047377,128,45884,,,Bloom,fillrandom
1747047378,129,46460,,,Bloom,fillrandom
1747047379,129,48836,,,Bloom,fillrandom
1747047380,129,48836,,,Bloom,fillrandom
1747047381,128,42980,,,Bloom,fillrandom
1747047382,127,42980,,,Bloom,fillrandom
1747047383,127,42980,,,Bloom,fillrandom
1747047384,126,42980,,,Bloom,fillrandom
1747047385,126,50108,,,Bloom,fillrandom
1747047386,128,47844,,,Bloom,fillrandom
1747047387,127,48636,,,Bloom,fillrandom
1747047388,127,48900,,,Bloom,fillrandom
1747047389,126,44564,,,Bloom,fillrandom
1747047390,126,44564,,,Bloom,fillrandom
1747047391,125,44564,,,Bloom,fillrandom
1747047392,124,44564,,,Bloom,fillrandom
1747047393,125,48524,,,Bloom,fillrandom
1747047394,126,45696,,,Bloom,fillrandom
1747047395,126,45696,,,Bloom,fillrandom
1747047396,125,45696,,,Bloom,fillrandom
1747047397,125,45696,,,Bloom,fillrandom
1747047398,124,45696,,,Bloom,fillrandom
1747047399,124,45696,,,Bloom,fillrandom
1747047400,123,45696,,,Bloom,fillrandom
1747047401,124,48020,,,Bloom,fillrandom
1747047402,124,48516,,,Bloom,fillrandom
1747047404,124,48516,,,Bloom,fillrandom
1747047405,124,48516,,,Bloom,fillrandom
1747047406,122,44016,,,Bloom,fillrandom
1747047407,121,44016,,,Bloom,fillrandom
1747047408,121,44016,,,Bloom,fillrandom
1747047409,122,48808,,,Bloom,fillrandom
1747047410,122,45164,,,Bloom,fillrandom
1747047411,122,45164,,,Bloom,fillrandom
1747047412,121,45164,,,Bloom,fillrandom
1747047413,121,45164,,,Bloom,fillrandom
1747047414,121,45164,,,Bloom,fillrandom
1747047415,120,45164,,,Bloom,fillrandom
1747047416,120,49120,,,Bloom,fillrandom
1747047417,121,50080,,,Bloom,fillrandom
1747047418,121,50344,,,Bloom,fillrandom
1747047419,121,50344,,,Bloom,fillrandom
1747047420,121,50344,,,Bloom,fillrandom
1747047421,120,50344,,,Bloom,fillrandom
1747047422,120,45608,,,Bloom,fillrandom
1747047423,120,49692,,,Bloom,fillrandom
1747047424,121,47328,,,Bloom,fillrandom
1747047425,121,47328,,,Bloom,fillrandom
1747047426,120,47328,,,Bloom,fillrandom
1747047427,120,47328,,,Bloom,fillrandom
1747047428,120,47856,,,Bloom,fillrandom
1747047429,119,44680,,,Bloom,fillrandom
1747047430,119,43740,,,Bloom,fillrandom
1747047431,120,49132,,,Bloom,fillrandom
1747047432,120,49168,,,Bloom,fillrandom
1747047434,120,49168,,,Bloom,fillrandom
1747047435,120,49168,,,Bloom,fillrandom
1747047436,118,49168,,,Bloom,fillrandom
1747047437,118,44228,,,Bloom,fillrandom
1747047438,118,48716,,,Bloom,fillrandom
1747047439,119,48168,,,Bloom,fillrandom
1747047440,119,47108,,,Bloom,fillrandom
1747047441,119,47108,,,Bloom,fillrandom
1747047442,118,47108,,,Bloom,fillrandom
1747047443,118,47108,,,Bloom,fillrandom
1747047444,118,47108,,,Bloom,fillrandom
1747047445,118,47108,,,Bloom,fillrandom
1747047446,118,51880,,,Bloom,fillrandom
1747047447,119,51332,,,Bloom,fillrandom
1747047448,118,51860,,,Bloom,fillrandom
1747047449,118,51860,,,Bloom,fillrandom
1747047450,118,51860,,,Bloom,fillrandom
1747047451,118,51860,,,Bloom,fillrandom
1747047452,118,51768,,,Bloom,fillrandom
1747047453,118,49648,,,Bloom,fillrandom
1747047454,118,46540,,,Bloom,fillrandom
1747047455,118,46540,,,Bloom,fillrandom
1747047456,118,46540,,,Bloom,fillrandom
1747047457,118,46540,,,Bloom,fillrandom
1747047458,117,46804,,,Bloom,fillrandom
1747047459,117,46804,,,Bloom,fillrandom
1747047461,118,48648,,,Bloom,fillrandom
1747047462,118,51512,,,Bloom,fillrandom
1747047463,117,52040,,,Bloom,fillrandom
1747047464,117,52040,,,Bloom,fillrandom
1747047465,117,52040,,,Bloom,fillrandom
1747047466,117,52040,,,Bloom,fillrandom
1747047467,117,47092,,,Bloom,fillrandom
1747047468,117,47284,,,Bloom,fillrandom
1747047469,117,52748,,,Bloom,fillrandom
1747047470,117,52748,,,Bloom,fillrandom
1747047471,117,52748,,,Bloom,fillrandom
1747047472,117,52748,,,Bloom,fillrandom
1747047473,116,52748,,,Bloom,fillrandom
1747047474,116,47884,,,Bloom,fillrandom
1747047475,116,47884,,,Bloom,fillrandom
1747047476,116,53956,,,Bloom,fillrandom
1747047477,117,53732,,,Bloom,fillrandom
1747047478,117,53732,,,Bloom,fillrandom
1747047479,117,53732,,,Bloom,fillrandom
1747047480,116,53732,,,Bloom,fillrandom
1747047481,116,53732,,,Bloom,fillrandom
1747047482,116,53732,,,Bloom,fillrandom
1747047483,116,51824,,,Bloom,fillrandom
1747047484,117,52460,,,Bloom,fillrandom
1747047485,117,53252,,,Bloom,fillrandom
1747047486,117,53252,,,Bloom,fillrandom
1747047487,116,53252,,,Bloom,fillrandom
1747047488,116,47312,,,Bloom,fillrandom
1747047489,116,47312,,,Bloom,fillrandom
1747047490,116,47312,,,Bloom,fillrandom
1747047492,116,52556,,,Bloom,fillrandom
1747047493,116,51812,,,Bloom,fillrandom
1747047494,116,51812,,,Bloom,fillrandom
1747047495,116,51812,,,Bloom,fillrandom
1747047496,115,51812,,,Bloom,fillrandom
1747047497,115,51812,,,Bloom,fillrandom
1747047498,115,53012,,,Bloom,fillrandom
1747047499,116,53588,,,Bloom,fillrandom
1747047500,116,52588,,,Bloom,fillrandom
1747047501,116,52588,,,Bloom,fillrandom
1747047502,116,52588,,,Bloom,fillrandom
1747047503,116,52588,,,Bloom,fillrandom
1747047504,115,52588,,,Bloom,fillrandom
1747047505,115,50284,,,Bloom,fillrandom
1747047506,116,54848,,,Bloom,fillrandom
1747047507,116,53920,,,Bloom,fillrandom
1747047508,116,54712,,,Bloom,fillrandom
1747047509,116,54712,,,Bloom,fillrandom
1747047510,115,54712,,,Bloom,fillrandom
1747047511,115,54712,,,Bloom,fillrandom
1747047512,115,49908,,,Bloom,fillrandom
1747047513,115,49908,,,Bloom,fillrandom
1747047514,115,53880,,,Bloom,fillrandom
1747047515,116,57904,,,Bloom,fillrandom
1747047516,116,49212,,,Bloom,fillrandom
1747047517,116,49212,,,Bloom,fillrandom
1747047518,116,49212,,,Bloom,fillrandom
1747047519,115,49212,,,Bloom,fillrandom
1747047521,115,49212,,,Bloom,fillrandom
1747047522,115,49212,,,Bloom,fillrandom
1747047523,115,50004,,,Bloom,fillrandom
1747047524,115,54756,,,Bloom,fillrandom
1747047525,115,59040,,,Bloom,fillrandom
1747047526,115,54984,,,Bloom,fillrandom
1747047527,115,54984,,,Bloom,fillrandom
1747047528,115,54984,,,Bloom,fillrandom
1747047529,115,54984,,,Bloom,fillrandom
1747047530,114,54984,,,Bloom,fillrandom
1747047531,114,54984,,,Bloom,fillrandom
1747047532,114,54984,,,Bloom,fillrandom
1747047533,114,52972,,,Bloom,fillrandom
1747047534,114,57724,,,Bloom,fillrandom
1747047535,115,53524,,,Bloom,fillrandom
1747047536,115,57108,,,Bloom,fillrandom
1747047537,115,57636,,,Bloom,fillrandom
1747047538,115,57636,,,Bloom,fillrandom
1747047539,115,57636,,,Bloom,fillrandom
1747047540,115,57636,,,Bloom,fillrandom
1747047541,114,57900,,,Bloom,fillrandom
1747047542,114,58428,,,Bloom,fillrandom
1747047543,114,58956,,,Bloom,fillrandom
1747047544,114,54792,,,Bloom,fillrandom
1747047545,115,55412,,,Bloom,fillrandom
1747047546,115,52296,,,Bloom,fillrandom
1747047548,115,55728,,,Bloom,fillrandom
1747047549,115,55728,,,Bloom,fillrandom
1747047550,114,55728,,,Bloom,fillrandom
1747047551,114,55728,,,Bloom,fillrandom
1747047552,114,52188,,,Bloom,fillrandom
1747047553,114,52188,,,Bloom,fillrandom
1747047554,114,52188,,,Bloom,fillrandom
1747047555,114,52980,,,Bloom,fillrandom
1747047556,114,56356,,,Bloom,fillrandom
1747047557,115,56300,,,Bloom,fillrandom
1747047558,115,56564,,,Bloom,fillrandom
1747047559,114,56564,,,Bloom,fillrandom
1747047560,114,56564,,,Bloom,fillrandom
1747047561,114,56564,,,Bloom,fillrandom
1747047562,114,56564,,,Bloom,fillrandom
1747047563,114,56564,,,Bloom,fillrandom
1747047564,114,53824,,,Bloom,fillrandom
1747047565,114,53824,,,Bloom,fillrandom
1747047566,114,59632,,,Bloom,fillrandom
1747047567,114,55860,,,Bloom,fillrandom
1747047568,115,57712,,,Bloom,fillrandom
1747047569,115,58504,,,Bloom,fillrandom
1747047570,115,58504,,,Bloom,fillrandom
1747047571,114,58504,,,Bloom,fillrandom
1747047572,114,58504,,,Bloom,fillrandom
1747047573,114,58504,,,Bloom,fillrandom
1747047574,114,58504,,,Bloom,fillrandom
1747047575,114,55808,,,Bloom,fillrandom
1747047577,114,55808,,,Bloom,fillrandom
1747047578,114,57064,,,Bloom,fillrandom
1747047579,114,57872,,,Bloom,fillrandom
1747047580,114,59880,,,Bloom,fillrandom
1747047581,114,59880,,,Bloom,fillrandom
1747047582,114,59880,,,Bloom,fillrandom
1747047583,114,59880,,,Bloom,fillrandom
1747047584,114,59880,,,Bloom,fillrandom
1747047585,114,59880,,,Bloom,fillrandom
1747047586,114,59880,,,Bloom,fillrandom
1747047587,113,59880,,,Bloom,fillrandom
1747047588,113,55060,,,Bloom,fillrandom
1747047589,114,61620,,,Bloom,fillrandom
1747047590,114,55792,,,Bloom,fillrandom
1747047591,114,58448,,,Bloom,fillrandom
1747047592,114,58448,,,Bloom,fillrandom
1747047593,114,58448,,,Bloom,fillrandom
1747047594,114,58448,,,Bloom,fillrandom
1747047595,114,58448,,,Bloom,fillrandom
1747047596,114,58448,,,Bloom,fillrandom
1747047597,114,58448,,,Bloom,fillrandom
1747047598,114,58448,,,Bloom,fillrandom
1747047599,113,55756,,,Bloom,fillrandom
1747047600,113,59188,,,Bloom,fillrandom
1747047601,114,56352,,,Bloom,fillrandom
1747047602,114,57568,,,Bloom,fillrandom
1747047604,114,57832,,,Bloom,fillrandom
1747047605,114,57832,,,Bloom,fillrandom
1747047606,114,57832,,,Bloom,fillrandom
1747047607,113,57832,,,Bloom,fillrandom
1747047608,113,57832,,,Bloom,fillrandom
1747047609,113,57832,,,Bloom,fillrandom
1747047610,113,57832,,,Bloom,fillrandom
1747047611,113,57832,,,Bloom,fillrandom
1747047612,113,57832,,,Bloom,fillrandom
1747047613,113,59128,,,Bloom,fillrandom
1747047614,114,61700,,,Bloom,fillrandom
1747047615,114,61032,,,Bloom,fillrandom
1747047616,113,61032,,,Bloom,fillrandom
1747047617,113,61032,,,Bloom,fillrandom
1747047618,113,61032,,,Bloom,fillrandom
1747047619,113,61032,,,Bloom,fillrandom
1747047620,113,55380,,,Bloom,fillrandom
1747047621,113,55380,,,Bloom,fillrandom
1747047622,113,55380,,,Bloom,fillrandom
1747047623,113,55380,,,Bloom,fillrandom
1747047624,113,60924,,,Bloom,fillrandom
1747047625,113,58268,,,Bloom,fillrandom
1747047626,114,58672,,,Bloom,fillrandom
1747047627,113,58672,,,Bloom,fillrandom
1747047628,113,58672,,,Bloom,fillrandom
1747047629,113,58672,,,Bloom,fillrandom
1747047630,113,58672,,,Bloom,fillrandom
1747047631,113,58672,,,Bloom,fillrandom
1747047632,113,58672,,,Bloom,fillrandom
1747047634,113,58672,,,Bloom,fillrandom
1747047635,113,59200,,,Bloom,fillrandom
1747047636,112,59464,,,Bloom,fillrandom
1747047637,113,57936,,,Bloom,fillrandom
1747047638,113,58840,,,Bloom,fillrandom
1747047639,113,60692,,,Bloom,fillrandom
1747047640,113,61220,,,Bloom,fillrandom
1747047641,113,61220,,,Bloom,fillrandom
1747047642,113,61220,,,Bloom,fillrandom
1747047643,113,61220,,,Bloom,fillrandom
1747047644,113,61220,,,Bloom,fillrandom
1747047645,113,61220,,,Bloom,fillrandom
1747047646,113,61220,,,Bloom,fillrandom
1747047647,113,61220,,,Bloom,fillrandom
1747047648,112,56264,,,Bloom,fillrandom
1747047649,113,59824,,,Bloom,fillrandom
1747047650,113,61568,,,Bloom,fillrandom
1747047651,113,61560,,,Bloom,fillrandom
1747047652,113,59852,,,Bloom,fillrandom
1747047653,113,59852,,,Bloom,fillrandom
1747047654,113,59852,,,Bloom,fillrandom
1747047655,113,59852,,,Bloom,fillrandom
1747047656,113,59852,,,Bloom,fillrandom
1747047657,113,59852,,,Bloom,fillrandom
1747047658,113,59852,,,Bloom,fillrandom
1747047659,113,59852,,,Bloom,fillrandom
1747047660,113,59852,,,Bloom,fillrandom
1747047662,113,62108,,,Bloom,fillrandom
1747047663,113,62300,,,Bloom,fillrandom
1747047664,113,59368,,,Bloom,fillrandom
1747047665,113,59368,,,Bloom,fillrandom
1747047666,113,59368,,,Bloom,fillrandom
1747047667,112,59368,,,Bloom,fillrandom
1747047668,112,59368,,,Bloom,fillrandom
1747047669,112,59368,,,Bloom,fillrandom
1747047670,112,59368,,,Bloom,fillrandom
1747047671,112,59368,,,Bloom,fillrandom
1747047672,112,59368,,,Bloom,fillrandom
1747047673,112,58300,,,Bloom,fillrandom
1747047674,112,63356,,,Bloom,fillrandom
1747047675,113,59360,,,Bloom,fillrandom
1747047676,113,62300,,,Bloom,fillrandom
1747047677,113,62300,,,Bloom,fillrandom
1747047678,113,62300,,,Bloom,fillrandom
1747047679,113,62300,,,Bloom,fillrandom
1747047680,113,62300,,,Bloom,fillrandom
1747047681,112,62300,,,Bloom,fillrandom
1747047682,112,62300,,,Bloom,fillrandom
1747047683,112,62300,,,Bloom,fillrandom
1747047684,112,59600,,,Bloom,fillrandom
1747047685,112,63824,,,Bloom,fillrandom
1747047686,113,65152,,,Bloom,fillrandom
1747047687,113,60272,,,Bloom,fillrandom
1747047688,113,60272,,,Bloom,fillrandom
1747047690,113,60272,,,Bloom,fillrandom
1747047691,113,60272,,,Bloom,fillrandom
1747047692,112,60272,,,Bloom,fillrandom
1747047693,112,60272,,,Bloom,fillrandom
1747047694,112,60272,,,Bloom,fillrandom
1747047695,112,60272,,,Bloom,fillrandom
1747047696,112,60272,,,Bloom,fillrandom
1747047697,112,60272,,,Bloom,fillrandom
1747047698,112,64588,,,Bloom,fillrandom
1747047699,112,65576,,,Bloom,fillrandom
1747047700,112,65572,,,Bloom,fillrandom
1747047701,112,65572,,,Bloom,fillrandom
1747047702,112,65572,,,Bloom,fillrandom
1747047703,112,65572,,,Bloom,fillrandom
1747047704,112,65572,,,Bloom,fillrandom
1747047705,112,65572,,,Bloom,fillrandom
1747047706,112,61252,,,Bloom,fillrandom
1747047707,112,61252,,,Bloom,fillrandom
1747047708,112,61252,,,Bloom,fillrandom
1747047709,112,61252,,,Bloom,fillrandom
1747047710,112,63616,,,Bloom,fillrandom
1747047711,112,64112,,,Bloom,fillrandom
1747047712,112,63572,,,Bloom,fillrandom
1747047713,112,64100,,,Bloom,fillrandom
1747047714,112,64100,,,Bloom,fillrandom
1747047715,112,64100,,,Bloom,fillrandom
1747047716,112,64100,,,Bloom,fillrandom
1747047717,112,64100,,,Bloom,fillrandom
1747047718,112,60384,,,Bloom,fillrandom
1747047719,112,60384,,,Bloom,fillrandom
1747047720,112,60384,,,Bloom,fillrandom
1747047721,112,60384,,,Bloom,fillrandom
1747047722,112,66824,,,Bloom,fillrandom
1747047724,112,64220,,,Bloom,fillrandom
1747047725,112,64412,,,Bloom,fillrandom
1747047726,112,64676,,,Bloom,fillrandom
1747047727,112,64676,,,Bloom,fillrandom
1747047728,112,64676,,,Bloom,fillrandom
1747047729,112,64676,,,Bloom,fillrandom
1747047730,112,64676,,,Bloom,fillrandom
1747047731,112,65204,,,Bloom,fillrandom
1747047732,112,65732,,,Bloom,fillrandom
1747047733,112,66260,,,Bloom,fillrandom
1747047734,112,66788,,,Bloom,fillrandom
1747047735,111,63028,,,Bloom,fillrandom
1747047736,112,64800,,,Bloom,fillrandom
1747047737,112,68728,,,Bloom,fillrandom
1747047738,112,68728,,,Bloom,fillrandom
1747047739,112,68728,,,Bloom,fillrandom
1747047740,112,68728,,,Bloom,fillrandom
1747047741,112,68728,,,Bloom,fillrandom
1747047742,112,68728,,,Bloom,fillrandom
1747047743,112,68728,,,Bloom,fillrandom
1747047744,112,68728,,,Bloom,fillrandom
1747047745,111,68728,,,Bloom,fillrandom
1747047746,111,65868,,,Bloom,fillrandom
1747047747,111,65868,,,Bloom,fillrandom
1747047748,112,67608,,,Bloom,fillrandom
1747047749,112,68880,,,Bloom,fillrandom
1747047750,112,66244,,,Bloom,fillrandom
1747047752,112,66772,,,Bloom,fillrandom
1747047753,112,67036,,,Bloom,fillrandom
1747047754,112,67036,,,Bloom,fillrandom
1747047755,111,67036,,,Bloom,fillrandom
1747047756,111,67036,,,Bloom,fillrandom
1747047757,111,67036,,,Bloom,fillrandom
1747047758,111,67036,,,Bloom,fillrandom
1747047759,111,67036,,,Bloom,fillrandom
1747047760,111,67036,,,Bloom,fillrandom
1747047761,111,67036,,,Bloom,fillrandom
1747047762,111,66824,,,Bloom,fillrandom
1747047763,112,67152,,,Bloom,fillrandom
1747047764,112,65584,,,Bloom,fillrandom
1747047765,112,65584,,,Bloom,fillrandom
1747047766,112,65584,,,Bloom,fillrandom
1747047767,112,65584,,,Bloom,fillrandom
1747047768,111,65584,,,Bloom,fillrandom
1747047769,111,65584,,,Bloom,fillrandom
1747047770,111,65584,,,Bloom,fillrandom
1747047771,111,65584,,,Bloom,fillrandom
1747047772,111,65584,,,Bloom,fillrandom
1747047773,111,63008,,,Bloom,fillrandom
1747047774,111,64856,,,Bloom,fillrandom
1747047775,111,68604,,,Bloom,fillrandom
1747047776,112,68004,,,Bloom,fillrandom
1747047777,112,68532,,,Bloom,fillrandom
1747047778,112,69060,,,Bloom,fillrandom
1747047779,111,69060,,,Bloom,fillrandom
1747047781,111,69060,,,Bloom,fillrandom
1747047782,111,69060,,,Bloom,fillrandom
1747047783,111,69060,,,Bloom,fillrandom
1747047784,111,69060,,,Bloom,fillrandom
1747047785,111,69060,,,Bloom,fillrandom
1747047786,111,69060,,,Bloom,fillrandom
1747047787,111,69060,,,Bloom,fillrandom
1747047788,111,70452,,,Bloom,fillrandom
1747047789,111,69224,,,Bloom,fillrandom
1747047790,111,68408,,,Bloom,fillrandom
1747047791,111,69464,,,Bloom,fillrandom
1747047792,111,69464,,,Bloom,fillrandom
1747047793,111,69464,,,Bloom,fillrandom
1747047794,111,69464,,,Bloom,fillrandom
1747047795,111,69464,,,Bloom,fillrandom
1747047796,111,69464,,,Bloom,fillrandom
1747047797,111,69464,,,Bloom,fillrandom
1747047798,111,69464,,,Bloom,fillrandom
1747047799,111,66732,,,Bloom,fillrandom
1747047800,111,66732,,,Bloom,fillrandom
1747047801,111,70956,,,Bloom,fillrandom
1747047802,111,68472,,,Bloom,fillrandom
1747047803,111,68340,,,Bloom,fillrandom
1747047804,111,69428,,,Bloom,fillrandom
1747047805,111,69428,,,Bloom,fillrandom
1747047806,111,69428,,,Bloom,fillrandom
1747047808,111,69428,,,Bloom,fillrandom
1747047809,111,69428,,,Bloom,fillrandom
1747047810,111,69428,,,Bloom,fillrandom
1747047811,111,69428,,,Bloom,fillrandom
1747047812,111,69428,,,Bloom,fillrandom
1747047813,111,69428,,,Bloom,fillrandom
1747047814,111,69428,,,Bloom,fillrandom
1747047815,111,65632,,,Bloom,fillrandom
1747047816,111,69452,,,Bloom,fillrandom
1747047817,111,69168,,,Bloom,fillrandom
1747047818,111,68548,,,Bloom,fillrandom
1747047819,111,68548,,,Bloom,fillrandom
1747047820,111,68548,,,Bloom,fillrandom
1747047821,111,68548,,,Bloom,fillrandom
1747047822,111,68548,,,Bloom,fillrandom
1747047823,111,68548,,,Bloom,fillrandom
1747047824,111,68548,,,Bloom,fillrandom
1747047825,111,68548,,,Bloom,fillrandom
1747047826,111,68548,,,Bloom,fillrandom
1747047827,111,68548,,,Bloom,fillrandom
1747047828,111,68548,,,Bloom,fillrandom
1747047829,111,66328,,,Bloom,fillrandom
1747047830,111,69208,,,Bloom,fillrandom
1747047831,111,70860,,,Bloom,fillrandom
1747047832,111,69288,,,Bloom,fillrandom
1747047833,111,69288,,,Bloom,fillrandom
1747047834,111,69288,,,Bloom,fillrandom
1747047836,111,69288,,,Bloom,fillrandom
1747047837,111,69288,,,Bloom,fillrandom
1747047838,111,69288,,,Bloom,fillrandom
1747047839,111,69552,,,Bloom,fillrandom
1747047840,111,69816,,,Bloom,fillrandom
1747047841,111,70080,,,Bloom,fillrandom
1747047842,110,70608,,,Bloom,fillrandom
1747047843,110,68032,,,Bloom,fillrandom
1747047844,111,68548,,,Bloom,fillrandom
1747047845,111,67728,,,Bloom,fillrandom
1747047846,111,67660,,,Bloom,fillrandom
1747047847,111,67660,,,Bloom,fillrandom
1747047848,111,67660,,,Bloom,fillrandom
1747047849,111,67660,,,Bloom,fillrandom
1747047850,111,67660,,,Bloom,fillrandom
1747047851,111,67660,,,Bloom,fillrandom
1747047852,111,67660,,,Bloom,fillrandom
1747047853,111,67660,,,Bloom,fillrandom
1747047854,111,67924,,,Bloom,fillrandom
1747047855,110,68188,,,Bloom,fillrandom
1747047856,110,68452,,,Bloom,fillrandom
1747047857,111,70876,,,Bloom,fillrandom
1747047858,111,67376,,,Bloom,fillrandom
1747047859,111,71516,,,Bloom,fillrandom
1747047860,111,69136,,,Bloom,fillrandom
1747047861,111,69136,,,Bloom,fillrandom
1747047862,111,69400,,,Bloom,fillrandom
1747047863,111,69400,,,Bloom,fillrandom
1747047864,111,69400,,,Bloom,fillrandom
1747047866,111,69400,,,Bloom,fillrandom
1747047867,111,69400,,,Bloom,fillrandom
1747047868,110,70192,,,Bloom,fillrandom
1747047869,110,66740,,,Bloom,fillrandom
1747047870,110,66740,,,Bloom,fillrandom
1747047871,110,66740,,,Bloom,fillrandom
1747047872,111,69468,,,Bloom,fillrandom
1747047873,111,71428,,,Bloom,fillrandom
1747047874,111,73540,,,Bloom,fillrandom
1747047875,111,73540,,,Bloom,fillrandom
1747047876,111,73540,,,Bloom,fillrandom
1747047877,111,73540,,,Bloom,fillrandom
1747047878,111,73540,,,Bloom,fillrandom
1747047879,110,73540,,,Bloom,fillrandom
1747047880,110,73540,,,Bloom,fillrandom
1747047881,110,73540,,,Bloom,fillrandom
1747047882,110,73540,,,Bloom,fillrandom
1747047883,110,73540,,,Bloom,fillrandom
1747047884,110,73540,,,Bloom,fillrandom
1747047885,110,71800,,,Bloom,fillrandom
1747047886,111,71800,,,Bloom,fillrandom
1747047887,111,70324,,,Bloom,fillrandom
1747047888,111,72436,,,Bloom,fillrandom
1747047889,111,72436,,,Bloom,fillrandom
1747047891,111,72436,,,Bloom,fillrandom
1747047892,111,72436,,,Bloom,fillrandom
1747047893,111,72436,,,Bloom,fillrandom
1747047894,110,72436,,,Bloom,fillrandom
1747047895,110,72436,,,Bloom,fillrandom
1747047896,110,72436,,,Bloom,fillrandom
1747047897,110,72436,,,Bloom,fillrandom
1747047898,110,72436,,,Bloom,fillrandom
1747047899,110,67184,,,Bloom,fillrandom
1747047900,110,70772,,,Bloom,fillrandom
1747047901,110,72220,,,Bloom,fillrandom
1747047902,111,74816,,,Bloom,fillrandom
1747047903,111,74276,,,Bloom,fillrandom
1747047904,111,74276,,,Bloom,fillrandom
1747047905,110,71364,,,Bloom,fillrandom
1747047906,110,71628,,,Bloom,fillrandom
1747047907,110,71628,,,Bloom,fillrandom
1747047908,110,72156,,,Bloom,fillrandom
1747047909,110,72156,,,Bloom,fillrandom
1747047910,110,72156,,,Bloom,fillrandom
1747047911,110,72156,,,Bloom,fillrandom
1747047912,110,72156,,,Bloom,fillrandom
1747047913,110,72156,,,Bloom,fillrandom
1747047914,110,73016,,,Bloom,fillrandom
1747047915,110,71572,,,Bloom,fillrandom
1747047916,111,74508,,,Bloom,fillrandom
1747047917,111,70736,,,Bloom,fillrandom
1747047919,110,71264,,,Bloom,fillrandom
1747047920,110,71264,,,Bloom,fillrandom
1747047921,110,71264,,,Bloom,fillrandom
1747047922,110,71264,,,Bloom,fillrandom
1747047923,110,71264,,,Bloom,fillrandom
1747047924,110,71264,,,Bloom,fillrandom
1747047925,110,71264,,,Bloom,fillrandom
1747047926,110,71264,,,Bloom,fillrandom
1747047927,110,71264,,,Bloom,fillrandom
1747047928,110,71264,,,Bloom,fillrandom
1747047929,110,70208,,,Bloom,fillrandom
1747047930,110,70980,,,Bloom,fillrandom
1747047931,110,69260,,,Bloom,fillrandom
1747047932,110,69260,,,Bloom,fillrandom
1747047933,110,69260,,,Bloom,fillrandom
1747047934,110,69260,,,Bloom,fillrandom
1747047935,110,69260,,,Bloom,fillrandom
1747047936,110,69260,,,Bloom,fillrandom
1747047937,110,69260,,,Bloom,fillrandom
1747047938,110,69260,,,Bloom,fillrandom
1747047939,110,69260,,,Bloom,fillrandom
1747047940,110,69524,,,Bloom,fillrandom
1747047941,110,69788,,,Bloom,fillrandom
1747047942,110,70052,,,Bloom,fillrandom
1747047943,110,73704,,,Bloom,fillrandom
1747047944,110,75452,,,Bloom,fillrandom
1747047945,110,76228,,,Bloom,fillrandom
1747047947,110,72156,,,Bloom,fillrandom
1747047948,110,72684,,,Bloom,fillrandom
1747047949,110,72684,,,Bloom,fillrandom
1747047950,110,72684,,,Bloom,fillrandom
1747047951,110,72684,,,Bloom,fillrandom
1747047952,110,72684,,,Bloom,fillrandom
1747047953,110,72684,,,Bloom,fillrandom
1747047954,110,72684,,,Bloom,fillrandom
1747047955,110,72684,,,Bloom,fillrandom
1747047956,110,72684,,,Bloom,fillrandom
1747047957,110,72684,,,Bloom,fillrandom
1747047958,110,72684,,,Bloom,fillrandom
1747047959,110,72268,,,Bloom,fillrandom
1747047960,110,72884,,,Bloom,fillrandom
1747047961,110,75724,,,Bloom,fillrandom
1747047962,110,71112,,,Bloom,fillrandom
1747047963,110,71112,,,Bloom,fillrandom
1747047964,110,71112,,,Bloom,fillrandom
1747047965,110,71112,,,Bloom,fillrandom
1747047966,110,71112,,,Bloom,fillrandom
1747047967,110,71112,,,Bloom,fillrandom
1747047968,110,71112,,,Bloom,fillrandom
1747047969,110,71112,,,Bloom,fillrandom
1747047970,110,71112,,,Bloom,fillrandom
1747047971,110,71112,,,Bloom,fillrandom
1747047972,110,71112,,,Bloom,fillrandom
1747047973,110,71112,,,Bloom,fillrandom
1747047974,110,74820,,,Bloom,fillrandom
1747047975,110,72264,,,Bloom,fillrandom
1747047976,110,73612,,,Bloom,fillrandom
1747047978,110,73612,,,Bloom,fillrandom
1747047979,110,73612,,,Bloom,fillrandom
1747047980,110,73612,,,Bloom,fillrandom
1747047981,110,73612,,,Bloom,fillrandom
1747047982,110,73612,,,Bloom,fillrandom
1747047983,110,73612,,,Bloom,fillrandom
1747047984,110,73612,,,Bloom,fillrandom
1747047985,110,73612,,,Bloom,fillrandom
1747047986,110,73612,,,Bloom,fillrandom
1747047987,110,73612,,,Bloom,fillrandom
1747047988,109,73612,,,Bloom,fillrandom
1747047989,109,73876,,,Bloom,fillrandom
1747047990,110,73848,,,Bloom,fillrandom
1747047991,110,74500,,,Bloom,fillrandom
1747047992,110,75444,,,Bloom,fillrandom
1747047993,110,75708,,,Bloom,fillrandom
1747047994,110,75708,,,Bloom,fillrandom
1747047995,110,75708,,,Bloom,fillrandom
1747047996,110,75708,,,Bloom,fillrandom
1747047997,110,75708,,,Bloom,fillrandom
1747047998,110,75708,,,Bloom,fillrandom
1747047999,110,73276,,,Bloom,fillrandom
1747048000,110,73540,,,Bloom,fillrandom
1747048001,110,73804,,,Bloom,fillrandom
1747048002,110,74068,,,Bloom,fillrandom
1747048003,110,74068,,,Bloom,fillrandom
1747048004,110,73980,,,Bloom,fillrandom
1747048005,110,73008,,,Bloom,fillrandom
1747048006,110,72104,,,Bloom,fillrandom
1747048008,110,72104,,,Bloom,fillrandom
1747048009,110,72104,,,Bloom,fillrandom
1747048010,110,72104,,,Bloom,fillrandom
1747048011,110,72368,,,Bloom,fillrandom
1747048012,110,72896,,,Bloom,fillrandom
1747048013,110,72896,,,Bloom,fillrandom
1747048014,110,72896,,,Bloom,fillrandom
1747048015,109,72896,,,Bloom,fillrandom
1747048016,109,72896,,,Bloom,fillrandom
1747048017,109,72896,,,Bloom,fillrandom
1747048018,109,72896,,,Bloom,fillrandom
1747048019,109,71860,,,Bloom,fillrandom
1747048020,110,75144,,,Bloom,fillrandom
1747048021,110,81640,,,Bloom,fillrandom
1747048022,110,76004,,,Bloom,fillrandom
1747048023,110,76004,,,Bloom,fillrandom
1747048024,110,76004,,,Bloom,fillrandom
1747048025,110,76004,,,Bloom,fillrandom
1747048026,110,76004,,,Bloom,fillrandom
1747048027,110,70884,,,Bloom,fillrandom
1747048028,109,70884,,,Bloom,fillrandom
1747048029,109,70884,,,Bloom,fillrandom
1747048030,109,70884,,,Bloom,fillrandom
1747048031,109,70884,,,Bloom,fillrandom
1747048032,109,70884,,,Bloom,fillrandom
1747048033,109,76692,,,Bloom,fillrandom
1747048034,109,75932,,,Bloom,fillrandom
1747048036,110,76692,,,Bloom,fillrandom
1747048037,109,76240,,,Bloom,fillrandom
1747048038,109,76240,,,Bloom,fillrandom
1747048039,109,76240,,,Bloom,fillrandom
1747048040,109,76240,,,Bloom,fillrandom
1747048041,109,76240,,,Bloom,fillrandom
1747048042,109,76240,,,Bloom,fillrandom
1747048043,109,76240,,,Bloom,fillrandom
1747048044,109,76240,,,Bloom,fillrandom
1747048045,109,76240,,,Bloom,fillrandom
1747048046,109,76240,,,Bloom,fillrandom
1747048047,109,76240,,,Bloom,fillrandom
1747048048,109,76240,,,Bloom,fillrandom
1747048049,109,77320,,,Bloom,fillrandom
1747048050,109,76652,,,Bloom,fillrandom
1747048051,109,78508,,,Bloom,fillrandom
1747048052,109,78508,,,Bloom,fillrandom
1747048053,109,78508,,,Bloom,fillrandom
1747048054,109,78508,,,Bloom,fillrandom
1747048055,109,78508,,,Bloom,fillrandom
1747048056,109,78508,,,Bloom,fillrandom
1747048057,109,78508,,,Bloom,fillrandom
1747048058,109,78508,,,Bloom,fillrandom
1747048059,109,78508,,,Bloom,fillrandom
1747048060,109,78508,,,Bloom,fillrandom
1747048061,109,78508,,,Bloom,fillrandom
1747048062,109,73780,,,Bloom,fillrandom
1747048063,109,73780,,,Bloom,fillrandom
1747048064,109,76592,,,Bloom,fillrandom
1747048065,109,76892,,,Bloom,fillrandom
1747048066,109,74900,,,Bloom,fillrandom
1747048068,109,74900,,,Bloom,fillrandom
1747048069,109,74900,,,Bloom,fillrandom
1747048070,109,74900,,,Bloom,fillrandom
1747048071,109,74900,,,Bloom,fillrandom
1747048072,109,74900,,,Bloom,fillrandom
1747048073,109,74900,,,Bloom,fillrandom
1747048074,109,74900,,,Bloom,fillrandom
1747048075,109,74900,,,Bloom,fillrandom
1747048076,109,74900,,,Bloom,fillrandom
1747048077,109,74900,,,Bloom,fillrandom
1747048078,109,74900,,,Bloom,fillrandom
1747048079,109,74900,,,Bloom,fillrandom
1747048080,109,76592,,,Bloom,fillrandom
1747048081,109,76552,,,Bloom,fillrandom
1747048082,109,74080,,,Bloom,fillrandom
1747048083,109,73276,,,Bloom,fillrandom
1747048084,109,73276,,,Bloom,fillrandom
1747048085,109,73276,,,Bloom,fillrandom
1747048086,109,73276,,,Bloom,fillrandom
1747048087,109,73276,,,Bloom,fillrandom
1747048088,109,73276,,,Bloom,fillrandom
1747048089,109,73276,,,Bloom,fillrandom
1747048090,109,73804,,,Bloom,fillrandom
1747048091,109,73804,,,Bloom,fillrandom
1747048092,109,73804,,,Bloom,fillrandom
1747048093,109,73804,,,Bloom,fillrandom
1747048094,109,74332,,,Bloom,fillrandom
1747048095,109,73084,,,Bloom,fillrandom
1747048097,109,79256,,,Bloom,fillrandom
1747048098,109,78196,,,Bloom,fillrandom
1747048099,109,76696,,,Bloom,fillrandom
1747048100,109,77224,,,Bloom,fillrandom
1747048101,109,77224,,,Bloom,fillrandom
1747048102,109,77224,,,Bloom,fillrandom
1747048103,109,77224,,,Bloom,fillrandom
1747048104,109,77224,,,Bloom,fillrandom
1747048105,109,77224,,,Bloom,fillrandom
1747048106,109,77224,,,Bloom,fillrandom
1747048107,109,77224,,,Bloom,fillrandom
1747048108,109,77224,,,Bloom,fillrandom
1747048109,109,74812,,,Bloom,fillrandom
1747048110,109,74812,,,Bloom,fillrandom
1747048111,109,74812,,,Bloom,fillrandom
1747048112,109,77992,,,Bloom,fillrandom
1747048113,109,75724,,,Bloom,fillrandom
1747048114,109,77396,,,Bloom,fillrandom
1747048115,109,77924,,,Bloom,fillrandom
1747048116,109,78452,,,Bloom,fillrandom
1747048117,109,78452,,,Bloom,fillrandom
1747048118,109,78452,,,Bloom,fillrandom
1747048119,109,78452,,,Bloom,fillrandom
1747048120,109,78452,,,Bloom,fillrandom
1747048121,109,78452,,,Bloom,fillrandom
1747048122,109,78452,,,Bloom,fillrandom
1747048123,109,78452,,,Bloom,fillrandom
1747048124,109,78452,,,Bloom,fillrandom
1747048125,109,76100,,,Bloom,fillrandom
1747048126,109,76100,,,Bloom,fillrandom
1747048128,109,78316,,,Bloom,fillrandom
1747048129,109,80340,,,Bloom,fillrandom
1747048130,109,78560,,,Bloom,fillrandom
1747048131,109,78824,,,Bloom,fillrandom
1747048132,109,79088,,,Bloom,fillrandom
1747048133,109,79088,,,Bloom,fillrandom
1747048134,109,79088,,,Bloom,fillrandom
1747048135,109,79088,,,Bloom,fillrandom
1747048136,109,79088,,,Bloom,fillrandom
1747048137,109,79088,,,Bloom,fillrandom
1747048138,109,79088,,,Bloom,fillrandom
1747048139,109,79088,,,Bloom,fillrandom
1747048140,109,79088,,,Bloom,fillrandom
1747048141,109,74440,,,Bloom,fillrandom
1747048142,109,74440,,,Bloom,fillrandom
1747048143,109,81832,,,Bloom,fillrandom
1747048144,109,77608,,,Bloom,fillrandom
1747048145,109,79456,,,Bloom,fillrandom
1747048146,109,78592,,,Bloom,fillrandom
1747048147,109,78592,,,Bloom,fillrandom
1747048148,109,78592,,,Bloom,fillrandom
1747048149,109,78592,,,Bloom,fillrandom
1747048150,109,78592,,,Bloom,fillrandom
1747048151,109,78592,,,Bloom,fillrandom
1747048152,109,78592,,,Bloom,fillrandom
1747048153,109,78592,,,Bloom,fillrandom
1747048154,109,78592,,,Bloom,fillrandom
1747048155,109,78592,,,Bloom,fillrandom
1747048157,109,78592,,,Bloom,fillrandom
1747048158,109,78592,,,Bloom,fillrandom
1747048159,109,78592,,,Bloom,fillrandom
1747048160,109,81828,,,Bloom,fillrandom
1747048161,109,77016,,,Bloom,fillrandom
1747048162,109,79140,,,Bloom,fillrandom
1747048163,109,80724,,,Bloom,fillrandom
1747048164,109,80724,,,Bloom,fillrandom
1747048165,109,80724,,,Bloom,fillrandom
1747048166,109,80724,,,Bloom,fillrandom
1747048167,109,80724,,,Bloom,fillrandom
1747048168,109,80724,,,Bloom,fillrandom
1747048169,109,76868,,,Bloom,fillrandom
1747048170,109,76868,,,Bloom,fillrandom
1747048171,109,76868,,,Bloom,fillrandom
1747048172,109,76868,,,Bloom,fillrandom
1747048173,109,76868,,,Bloom,fillrandom
1747048174,109,76868,,,Bloom,fillrandom
1747048175,109,80160,,,Bloom,fillrandom
1747048176,109,75544,,,Bloom,fillrandom
1747048177,109,76412,,,Bloom,fillrandom
1747048178,109,76412,,,Bloom,fillrandom
1747048179,109,76412,,,Bloom,fillrandom
1747048180,109,76412,,,Bloom,fillrandom
1747048181,109,76412,,,Bloom,fillrandom
1747048182,109,76412,,,Bloom,fillrandom
1747048183,109,76412,,,Bloom,fillrandom
1747048184,109,76412,,,Bloom,fillrandom
1747048185,109,76412,,,Bloom,fillrandom
1747048187,109,76412,,,Bloom,fillrandom
1747048188,109,76412,,,Bloom,fillrandom
1747048189,109,76676,,,Bloom,fillrandom
1747048190,109,76940,,,Bloom,fillrandom
1747048191,109,76400,,,Bloom,fillrandom
1747048192,109,79444,,,Bloom,fillrandom
1747048193,109,81284,,,Bloom,fillrandom
1747048194,109,79688,,,Bloom,fillrandom
1747048195,109,80216,,,Bloom,fillrandom
1747048196,109,80216,,,Bloom,fillrandom
1747048197,109,80480,,,Bloom,fillrandom
1747048198,109,80480,,,Bloom,fillrandom
1747048199,109,80480,,,Bloom,fillrandom
1747048200,109,80480,,,Bloom,fillrandom
1747048201,109,80480,,,Bloom,fillrandom
1747048202,109,80480,,,Bloom,fillrandom
1747048203,109,80480,,,Bloom,fillrandom
1747048204,109,80480,,,Bloom,fillrandom
1747048205,109,80480,,,Bloom,fillrandom
1747048206,109,76832,,,Bloom,fillrandom
1747048207,109,78164,,,Bloom,fillrandom
1747048208,109,79728,,,Bloom,fillrandom
1747048209,109,79564,,,Bloom,fillrandom
1747048210,109,80092,,,Bloom,fillrandom
1747048211,109,80092,,,Bloom,fillrandom
1747048212,109,80092,,,Bloom,fillrandom
1747048214,109,80092,,,Bloom,fillrandom
1747048215,109,80092,,,Bloom,fillrandom
1747048216,109,80092,,,Bloom,fillrandom
1747048217,109,80092,,,Bloom,fillrandom
1747048218,109,80092,,,Bloom,fillrandom
1747048219,109,80092,,,Bloom,fillrandom
1747048220,108,80092,,,Bloom,fillrandom
1747048221,108,80092,,,Bloom,fillrandom
1747048222,108,80092,,,Bloom,fillrandom
1747048223,108,80560,,,Bloom,fillrandom
1747048224,109,79148,,,Bloom,fillrandom
1747048225,109,79052,,,Bloom,fillrandom
1747048226,109,81164,,,Bloom,fillrandom
1747048227,109,81164,,,Bloom,fillrandom
1747048228,109,81164,,,Bloom,fillrandom
1747048229,109,81164,,,Bloom,fillrandom
1747048230,109,81164,,,Bloom,fillrandom
1747048231,109,81164,,,Bloom,fillrandom
1747048232,109,81164,,,Bloom,fillrandom
1747048233,109,81164,,,Bloom,fillrandom
1747048234,109,78336,,,Bloom,fillrandom
1747048235,109,78336,,,Bloom,fillrandom
1747048236,109,78336,,,Bloom,fillrandom
1747048237,108,78336,,,Bloom,fillrandom
1747048238,108,78336,,,Bloom,fillrandom
1747048239,109,84324,,,Bloom,fillrandom
1747048241,109,78868,,,Bloom,fillrandom
1747048242,109,77392,,,Bloom,fillrandom
1747048243,109,77656,,,Bloom,fillrandom
1747048244,109,77656,,,Bloom,fillrandom
1747048245,109,77656,,,Bloom,fillrandom
1747048246,109,77656,,,Bloom,fillrandom
1747048247,108,77656,,,Bloom,fillrandom
1747048248,108,77656,,,Bloom,fillrandom
1747048249,108,77656,,,Bloom,fillrandom
1747048250,108,77656,,,Bloom,fillrandom
1747048251,108,77656,,,Bloom,fillrandom
1747048252,108,77656,,,Bloom,fillrandom
1747048253,108,77656,,,Bloom,fillrandom
1747048254,108,77656,,,Bloom,fillrandom
1747048255,108,79768,,,Bloom,fillrandom
1747048256,108,85768,,,Bloom,fillrandom
1747048257,109,82624,,,Bloom,fillrandom
1747048258,109,77360,,,Bloom,fillrandom
1747048259,109,77360,,,Bloom,fillrandom
1747048260,109,77360,,,Bloom,fillrandom
1747048261,109,77360,,,Bloom,fillrandom
1747048262,108,77360,,,Bloom,fillrandom
1747048263,108,77360,,,Bloom,fillrandom
1747048264,108,77360,,,Bloom,fillrandom
1747048265,108,77360,,,Bloom,fillrandom
1747048266,108,77360,,,Bloom,fillrandom
1747048267,108,77624,,,Bloom,fillrandom
1747048268,108,77624,,,Bloom,fillrandom
1747048269,108,78152,,,Bloom,fillrandom
1747048270,108,78416,,,Bloom,fillrandom
1747048272,108,82628,,,Bloom,fillrandom
1747048273,108,83180,,,Bloom,fillrandom
1747048274,108,82712,,,Bloom,fillrandom
1747048275,108,82512,,,Bloom,fillrandom
1747048276,108,82512,,,Bloom,fillrandom
1747048277,108,82512,,,Bloom,fillrandom
1747048278,108,82512,,,Bloom,fillrandom
1747048279,108,82512,,,Bloom,fillrandom
1747048280,108,82512,,,Bloom,fillrandom
1747048281,108,82512,,,Bloom,fillrandom
1747048282,108,82512,,,Bloom,fillrandom
1747048283,108,82512,,,Bloom,fillrandom
1747048284,108,82512,,,Bloom,fillrandom
1747048285,108,78984,,,Bloom,fillrandom
1747048286,108,78984,,,Bloom,fillrandom
1747048287,108,78984,,,Bloom,fillrandom
1747048288,108,79820,,,Bloom,fillrandom
1747048289,108,79984,,,Bloom,fillrandom
1747048290,108,83392,,,Bloom,fillrandom
1747048291,108,81016,,,Bloom,fillrandom
1747048292,108,81016,,,Bloom,fillrandom
1747048293,108,81016,,,Bloom,fillrandom
1747048294,108,81016,,,Bloom,fillrandom
1747048295,108,81016,,,Bloom,fillrandom
1747048296,108,81016,,,Bloom,fillrandom
1747048297,108,81280,,,Bloom,fillrandom
1747048298,108,81280,,,Bloom,fillrandom
1747048299,108,81280,,,Bloom,fillrandom
1747048301,108,81544,,,Bloom,fillrandom
1747048302,108,81544,,,Bloom,fillrandom
1747048303,108,81544,,,Bloom,fillrandom
1747048304,108,81544,,,Bloom,fillrandom
1747048305,108,79796,,,Bloom,fillrandom
1747048306,108,80196,,,Bloom,fillrandom
1747048307,108,80940,,,Bloom,fillrandom
1747048308,108,81780,,,Bloom,fillrandom
1747048309,108,81780,,,Bloom,fillrandom
1747048310,108,81780,,,Bloom,fillrandom
1747048311,108,81780,,,Bloom,fillrandom
1747048312,108,81780,,,Bloom,fillrandom
1747048313,108,81780,,,Bloom,fillrandom
1747048314,108,81780,,,Bloom,fillrandom
1747048315,108,81780,,,Bloom,fillrandom
1747048316,108,81780,,,Bloom,fillrandom
1747048317,108,81780,,,Bloom,fillrandom
1747048318,108,81780,,,Bloom,fillrandom
1747048319,108,81780,,,Bloom,fillrandom
1747048320,108,81780,,,Bloom,fillrandom
1747048321,108,81780,,,Bloom,fillrandom
1747048322,108,80968,,,Bloom,fillrandom
1747048323,108,81664,,,Bloom,fillrandom
1747048324,108,79480,,,Bloom,fillrandom
1747048325,108,80008,,,Bloom,fillrandom
1747048326,108,80008,,,Bloom,fillrandom
1747048327,108,80008,,,Bloom,fillrandom
1747048328,108,80008,,,Bloom,fillrandom
1747048330,108,80008,,,Bloom,fillrandom
1747048331,108,80536,,,Bloom,fillrandom
1747048332,108,80536,,,Bloom,fillrandom
1747048333,108,78348,,,Bloom,fillrandom
1747048334,108,78876,,,Bloom,fillrandom
1747048335,108,78876,,,Bloom,fillrandom
1747048336,108,78876,,,Bloom,fillrandom
1747048337,108,78876,,,Bloom,fillrandom
1747048338,108,78876,,,Bloom,fillrandom
1747048339,108,78876,,,Bloom,fillrandom
1747048340,108,83788,,,Bloom,fillrandom
1747048341,108,79180,,,Bloom,fillrandom
1747048342,108,83284,,,Bloom,fillrandom
1747048343,108,84076,,,Bloom,fillrandom
1747048344,108,84340,,,Bloom,fillrandom
1747048345,108,84340,,,Bloom,fillrandom
1747048346,108,84340,,,Bloom,fillrandom
1747048347,108,84340,,,Bloom,fillrandom
1747048348,108,79372,,,Bloom,fillrandom
1747048349,108,79372,,,Bloom,fillrandom
1747048350,108,79372,,,Bloom,fillrandom
1747048351,108,79372,,,Bloom,fillrandom
1747048352,108,79372,,,Bloom,fillrandom
1747048353,108,79900,,,Bloom,fillrandom
1747048354,108,80428,,,Bloom,fillrandom
1747048355,108,81220,,,Bloom,fillrandom
1747048356,108,81220,,,Bloom,fillrandom
1747048357,108,85724,,,Bloom,fillrandom
1747048358,108,81380,,,Bloom,fillrandom
1747048360,108,82780,,,Bloom,fillrandom
1747048361,108,82496,,,Bloom,fillrandom
1747048362,108,82496,,,Bloom,fillrandom
1747048363,108,83024,,,Bloom,fillrandom
1747048364,108,83024,,,Bloom,fillrandom
1747048365,108,83024,,,Bloom,fillrandom
1747048366,108,83024,,,Bloom,fillrandom
1747048367,108,80476,,,Bloom,fillrandom
1747048368,108,80476,,,Bloom,fillrandom
1747048369,108,80476,,,Bloom,fillrandom
1747048370,108,80476,,,Bloom,fillrandom
1747048371,108,80476,,,Bloom,fillrandom
1747048372,108,80476,,,Bloom,fillrandom
1747048373,108,80476,,,Bloom,fillrandom
1747048374,108,80476,,,Bloom,fillrandom
1747048375,108,80476,,,Bloom,fillrandom
1747048376,108,80476,,,Bloom,fillrandom
1747048377,108,83564,,,Bloom,fillrandom
1747048378,108,83492,,,Bloom,fillrandom
1747048379,108,83520,,,Bloom,fillrandom
1747048380,108,81064,,,Bloom,fillrandom
1747048381,108,81064,,,Bloom,fillrandom
1747048382,108,81592,,,Bloom,fillrandom
1747048383,108,81592,,,Bloom,fillrandom
1747048384,108,81592,,,Bloom,fillrandom
1747048385,108,81592,,,Bloom,fillrandom
1747048386,108,81592,,,Bloom,fillrandom
1747048387,108,81592,,,Bloom,fillrandom
1747048388,108,81592,,,Bloom,fillrandom
1747048389,108,82384,,,Bloom,fillrandom
1747048391,108,82648,,,Bloom,fillrandom
1747048392,108,82648,,,Bloom,fillrandom
1747048393,108,82648,,,Bloom,fillrandom
1747048394,108,82648,,,Bloom,fillrandom
1747048395,108,82648,,,Bloom,fillrandom
1747048396,108,82648,,,Bloom,fillrandom
1747048397,108,81152,,,Bloom,fillrandom
1747048398,108,81072,,,Bloom,fillrandom
1747048399,108,81128,,,Bloom,fillrandom
1747048400,108,81128,,,Bloom,fillrandom
1747048401,108,81128,,,Bloom,fillrandom
1747048402,108,81920,,,Bloom,fillrandom
1747048403,108,82712,,,Bloom,fillrandom
1747048404,108,82712,,,Bloom,fillrandom
1747048405,108,82712,,,Bloom,fillrandom
1747048406,108,82712,,,Bloom,fillrandom
1747048407,108,83504,,,Bloom,fillrandom
1747048408,108,84296,,,Bloom,fillrandom
1747048409,108,84296,,,Bloom,fillrandom
1747048410,108,84296,,,Bloom,fillrandom
1747048411,107,84296,,,Bloom,fillrandom
1747048412,107,84296,,,Bloom,fillrandom
1747048413,107,84296,,,Bloom,fillrandom
1747048414,107,80904,,,Bloom,fillrandom
1747048415,107,81432,,,Bloom,fillrandom
1747048416,107,81044,,,Bloom,fillrandom
1747048417,108,84860,,,Bloom,fillrandom
1747048418,108,84488,,,Bloom,fillrandom
1747048420,108,86336,,,Bloom,fillrandom
1747048421,108,83144,,,Bloom,fillrandom
1747048422,108,83144,,,Bloom,fillrandom
1747048423,107,80644,,,Bloom,fillrandom
1747048424,107,80908,,,Bloom,fillrandom
1747048425,107,81172,,,Bloom,fillrandom
1747048426,107,82228,,,Bloom,fillrandom
1747048427,107,82228,,,Bloom,fillrandom
1747048428,107,82228,,,Bloom,fillrandom
1747048429,107,82228,,,Bloom,fillrandom
1747048430,107,82228,,,Bloom,fillrandom
1747048431,107,82228,,,Bloom,fillrandom
1747048432,107,82228,,,Bloom,fillrandom
1747048433,107,82228,,,Bloom,fillrandom
1747048434,107,82228,,,Bloom,fillrandom
1747048435,107,80364,,,Bloom,fillrandom
1747048436,107,81040,,,Bloom,fillrandom
1747048437,107,81556,,,Bloom,fillrandom
1747048438,107,80600,,,Bloom,fillrandom
1747048439,107,82184,,,Bloom,fillrandom
1747048440,107,82184,,,Bloom,fillrandom
1747048441,107,82184,,,Bloom,fillrandom
1747048442,107,82184,,,Bloom,fillrandom
1747048443,107,82184,,,Bloom,fillrandom
1747048444,107,82184,,,Bloom,fillrandom
1747048445,107,82184,,,Bloom,fillrandom
1747048446,107,82184,,,Bloom,fillrandom
1747048447,107,82184,,,Bloom,fillrandom
1747048448,107,82184,,,Bloom,fillrandom
1747048449,107,79620,,,Bloom,fillrandom
1747048450,107,79620,,,Bloom,fillrandom
1747048451,107,79620,,,Bloom,fillrandom
1747048453,107,79620,,,Bloom,fillrandom
1747048454,107,79620,,,Bloom,fillrandom
1747048455,107,85024,,,Bloom,fillrandom
1747048456,107,86024,,,Bloom,fillrandom
1747048457,107,83716,,,Bloom,fillrandom
1747048458,107,83716,,,Bloom,fillrandom
1747048459,107,80824,,,Bloom,fillrandom
1747048460,107,81616,,,Bloom,fillrandom
1747048461,107,82936,,,Bloom,fillrandom
1747048462,107,82936,,,Bloom,fillrandom
1747048463,107,82936,,,Bloom,fillrandom
1747048464,107,82936,,,Bloom,fillrandom
1747048465,107,82936,,,Bloom,fillrandom
1747048466,107,82936,,,Bloom,fillrandom
1747048467,107,83728,,,Bloom,fillrandom
1747048468,107,83728,,,Bloom,fillrandom
1747048469,107,83728,,,Bloom,fillrandom
1747048470,107,83728,,,Bloom,fillrandom
1747048471,107,82820,,,Bloom,fillrandom
1747048472,107,82820,,,Bloom,fillrandom
1747048473,107,87044,,,Bloom,fillrandom
